-- phpMyAdmin SQL Dump
-- version 5.0.2
-- https://www.phpmyadmin.net/
--
-- Host: 127.0.0.1
-- Generation Time: Oct 12, 2020 at 09:26 AM
-- Server version: 10.4.13-MariaDB
-- PHP Version: 7.4.8

SET SQL_MODE = "NO_AUTO_VALUE_ON_ZERO";
START TRANSACTION;
SET time_zone = "+00:00";


/*!40101 SET @OLD_CHARACTER_SET_CLIENT=@@CHARACTER_SET_CLIENT */;
/*!40101 SET @OLD_CHARACTER_SET_RESULTS=@@CHARACTER_SET_RESULTS */;
/*!40101 SET @OLD_COLLATION_CONNECTION=@@COLLATION_CONNECTION */;
/*!40101 SET NAMES utf8mb4 */;

--
-- Database: `php49_project`
--

-- --------------------------------------------------------

--
-- Table structure for table `categories`
--

CREATE TABLE `categories` (
  `id` int(11) NOT NULL,
  `parent_id` int(11) NOT NULL,
  `name` varchar(500) NOT NULL,
  `displayhome` int(11) NOT NULL DEFAULT 0
) ENGINE=InnoDB DEFAULT CHARSET=utf8;

--
-- Dumping data for table `categories`
--

INSERT INTO `categories` (`id`, `parent_id`, `name`, `displayhome`) VALUES
(1, 0, 'Apple', 0),
(2, 1, 'iPad', 0),
(3, 1, 'iPhone', 0),
(4, 0, 'Samsung', 0),
(5, 0, 'LG', 1),
(6, 0, 'Nokia', 1),
(7, 0, 'Oppo', 1),
(10, 0, 'OnePlus', 0),
(11, 0, 'Vivo', 0),
(12, 1, 'MacBook', 0),
(13, 4, 'Tab', 0),
(14, 4, 'Note', 0),
(15, 4, 'Fold', 0),
(16, 0, 'Xiaomi', 0),
(17, 0, 'Tecmo', 0);

-- --------------------------------------------------------

--
-- Table structure for table `customers`
--

CREATE TABLE `customers` (
  `id` int(11) NOT NULL,
  `name` varchar(500) NOT NULL,
  `email` varchar(500) NOT NULL,
  `address` varchar(500) NOT NULL,
  `phone` varchar(500) NOT NULL,
  `password` varchar(500) NOT NULL
) ENGINE=InnoDB DEFAULT CHARSET=utf8;

--
-- Dumping data for table `customers`
--

INSERT INTO `customers` (`id`, `name`, `email`, `address`, `phone`, `password`) VALUES
(1, 'Nguyễn Văn A', 'nva@gmail.com', 'Hà Nội', '123456', '202cb962ac59075b964b07152d234b70'),
(2, 'test', 'test@gmail.com', 'Hà Nội', '123456', '202cb962ac59075b964b07152d234b70'),
(3, 'Nguyễn Văn E@', 'nve@gmail.com', 'Hà Nội', '123456', '202cb962ac59075b964b07152d234b70'),
(0, 'Nguyễn Văn B', 'nvb@gmail.com', '123', '123', '202cb962ac59075b964b07152d234b70'),
(0, 'Nguyễn Văn C', 'nvc@gmail.com', '123', '123', '202cb962ac59075b964b07152d234b70'),
(0, '', '', '123', '123', 'd41d8cd98f00b204e9800998ecf8427e');

-- --------------------------------------------------------

--
-- Table structure for table `news`
--

CREATE TABLE `news` (
  `id` int(11) NOT NULL,
  `name` varchar(696) NOT NULL,
  `description` varchar(4000) NOT NULL,
  `content` text NOT NULL,
  `hot` int(11) NOT NULL DEFAULT 0,
  `photo` varchar(500) NOT NULL
) ENGINE=InnoDB DEFAULT CHARSET=utf8mb4;

--
-- Dumping data for table `news`
--

INSERT INTO `news` (`id`, `name`, `description`, `content`, `hot`, `photo`) VALUES
(1, 'Ricardo Milos test Camera Oneplus 8 với body 6 múi', '<p>Đ&atilde; đẹp trai m&agrave; c&ograve;n d&ugrave;ng camera đẹp th&igrave; c&ograve;n g&igrave; đẹp trai hơn</p>\r\n', '', 1, '1599659574_2.jpg'),
(3, 'Du Thiên ngu mua phải điện thoại bypass', '<p>Mua ở Mobile CC th&igrave; kh&ocirc;ng mua. Đ&atilde; kh&ocirc;ng biết g&igrave; c&ograve;n b&agrave;y đặt mua điện thoại xong mua phải m&aacute;y bypass</p>\r\n', '', 1, '1599482095_3.jpg'),
(4, 'Anh chủ Mobile CC rất đẹp trai ', '<p>Lộ ảnh Ricardo Milos: &Ocirc;ng tr&ugrave;m Mobile CC đẹp trai nhất vũ trụ.</p>\r\n', '', 1, '1599482180_1.jpg'),
(5, 'Shop ship điện thoại từ EU về VN như thế nào?', '<p>Hỏi ngu. Bọn tao ship lậu, OK?&nbsp;&nbsp;.Lorem ipsum dolor sit amet consectetur adipisicing elit. Veritatis non iste sequi cupiditate tempora iure. Velit accusamus saepe harum sed.</p>\r\n', '', 1, '1599994260_blog.jpg'),
(6, 'Thu cũ đổi mới điện thoại trợ giá đến 30% duy nhất tại Mobile CC', '<p>Kh&ocirc;ng th&iacute;ch d&ugrave;ng điện thoại cũ th&igrave; mang m&aacute;y ra Mobile CC đổi điện thoại mới th&ocirc;i. C&ograve;n chờ đợi g&igrave; m&agrave; kh&ocirc;ng ra đổi ngay đi?</p>\r\n', '', 1, '1599994745_doi-may-moi.jpg'),
(7, 'AirPods 2 Rep giảm giá cực mạnh', '<p>Bọn nh&agrave; ngh&egrave;o kh&ocirc;ng c&oacute; tiền mua&nbsp;AirPods 2 real th&igrave; đi mua&nbsp;AirPods 2 rep m&agrave; flex với mấy thằng Bắc Giang nh&agrave; qu&ecirc; th&ocirc;i chứ c&ograve;n g&igrave; nữa?&nbsp;</p>\r\n', '', 1, '1599994937_air-rep.png');

-- --------------------------------------------------------

--
-- Table structure for table `orderdetails`
--

CREATE TABLE `orderdetails` (
  `id` int(11) NOT NULL,
  `order_id` int(11) NOT NULL,
  `product_id` int(11) NOT NULL,
  `quantity` int(11) NOT NULL,
  `price` float NOT NULL
) ENGINE=InnoDB DEFAULT CHARSET=utf8;

--
-- Dumping data for table `orderdetails`
--

INSERT INTO `orderdetails` (`id`, `order_id`, `product_id`, `quantity`, `price`) VALUES
(16, 6, 14, 2, 12000000),
(17, 6, 15, 1, 6000000),
(18, 6, 21, 1, 20000000),
(19, 7, 23, 1, 3200000),
(20, 7, 24, 3, 6900000),
(21, 8, 23, 1, 3200000),
(22, 8, 21, 1, 20000000),
(23, 9, 23, 1, 3200000),
(24, 9, 25, 1, 18000000),
(25, 9, 12, 2147483647, 80000000);

-- --------------------------------------------------------

--
-- Table structure for table `orders`
--

CREATE TABLE `orders` (
  `id` int(11) NOT NULL,
  `customer_id` int(11) NOT NULL,
  `date` date NOT NULL,
  `price` float NOT NULL,
  `status` int(11) NOT NULL DEFAULT 0
) ENGINE=InnoDB DEFAULT CHARSET=utf8;

--
-- Dumping data for table `orders`
--

INSERT INTO `orders` (`id`, `customer_id`, `date`, `price`, `status`) VALUES
(6, 1, '2020-09-19', 44880000, 0),
(7, 1, '2020-09-20', 21510000, 0),
(8, 1, '2020-09-20', 20880000, 0),
(9, 1, '2020-10-02', 4.44288e25, 0);

-- --------------------------------------------------------

--
-- Table structure for table `products`
--

CREATE TABLE `products` (
  `id` int(11) NOT NULL,
  `name` varchar(500) NOT NULL,
  `description` varchar(4000) NOT NULL,
  `content` text NOT NULL,
  `hot` int(11) NOT NULL DEFAULT 0,
  `photo` varchar(500) NOT NULL,
  `photo1` varchar(500) NOT NULL,
  `photo2` varchar(500) NOT NULL,
  `photo3` varchar(500) NOT NULL,
  `photo4` varchar(500) NOT NULL,
  `photo5` varchar(500) NOT NULL,
  `price` float NOT NULL,
  `discount` int(11) NOT NULL,
  `category_id` int(11) NOT NULL
) ENGINE=InnoDB DEFAULT CHARSET=utf8;

--
-- Dumping data for table `products`
--

INSERT INTO `products` (`id`, `name`, `description`, `content`, `hot`, `photo`, `photo1`, `photo2`, `photo3`, `photo4`, `photo5`, `price`, `discount`, `category_id`) VALUES
(3, '1 - MacBook Pro 16 Touch Bar 2.6GHz Core i7/16GB/', '<p>Khắc phục hậu quả của đại dịch Covid-19, một s&aacute;ng kiến được đưa ra giữa c&aacute;c nước ASEAN l&agrave; tổ chức &ldquo;du lịch cầu h&agrave;ng kh&ocirc;ng&rdquo; giữa &ldquo;c&aacute;c nước xanh l&aacute; c&acirc;y&rdquo; để t&aacute;i mở cửa trong khu vực&hellip;</p>\r\n', 'Buy Smartphone Tips:\r\n\r\nAll smartphones are unlocked, without a contract.\r\nAll smartphones install global software, with Google Play service, and support OTA updating\r\nPlease ensure your SIM card is compatible with the smartphone\'s network bands, to check your SIM card carrier\'s network, please click here.\r\nPRODUCT MAIN FEATURES\r\nCOLOROS 7.2 BASED ON ANDROID 10 OS\r\nOPPO A32 runs on Android 10 OS that is overlaid with ColorOS 7.2, offering a fresh, fast platform to help you stay connected and productive while youare on the go.\r\n\r\nINTERNATIONAL MULTI-LANGUAGE SUPPORTED\r\nOffers the following languages to the world\'s users: English, Chinese, Malaysia, German, Spanish, Pilipino, French, Indonesian, Italian, Dutch, Portuguese, Russian, Vietnamese, Arabic, Nepali, Hindi, Thai, Japanese, Korean.  \r\n\r\nCOMPATIBLE WITH ASIA / EUROPE / AUSTRALIA 4G LTE BANDS\r\nOPPO A32 provides these 4G bands:\r\n\r\n4G FDD-LTE: B1/B3/B5/B8\r\n4G TD-LTE: B34/B38/B39/B40/B41(120M)\r\n6.5 inch AMOLED FHD+ SCREEN\r\nThe OPPO A32 features a 6.5-inch IPS LCD punch-hole display that supports a 90Hz refresh rate and HD+ resolution.\r\n\r\nSNAPDRAGON 460 OCTA-CORE PROCESSOR\r\nOPPO A32 is powered by Snapdragon 460 octa-core processor with 4GB/8GB of RAM and 128GB of storage. The 4GB/8GB of RAM delivers outstanding overall performance for opening and running applications, flipping through menus, running home screens, and more.\r\n\r\n128GB OF NATIVE STORAGE\r\nThe OPPO A32 is equipped with 128GB of native storage, providing plenty of storage space for your contacts, music, photos, apps, and more.\r\n\r\n13MP+2MP+2MP REAR CAMERAS\r\nOPPO A32 has triple rear cameras that include a 13MP main camera with f/2.2 aperture, a 2MP macro lens, and a 2MP depth sensor. There is an 8MP front-facing camera with f/2.0 aperture.\r\n\r\n5000MAH BIG CAPACITY BATTERY\r\nThe OPPO A32 is fueled by a 5,000mAh battery that supports 18W fast charging.\r\n\r\nREAR-MOUNTED FINGERPRINT SENSOR\r\nOPPO A32 is equipped with a rear-mounted fingerprint sensor that unlocks the phone quickly and safely.\r\n\r\nUSE YOUR SMARTPHONE AS A MOBILE HOTSPOT\r\nShare your 4G data connection with other compatible wireless devices.\r\n\r\nDUAL SIM DUAL STANDBY DUAL NANO SIM (SIM CARD NOT INCLUDED)\r\nDepends on device memory and network availability. Additional carrier charges may apply.', 1, '1599652156_132195021199455963_9.jpg', '', '', '', '', '', 5000000, 20, 7),
(4, '2 - MacBook Pro 16 Touch Bar 2.6GHz Core i7/16GB/', '<p>Khắc phục hậu quả của đại dịch Covid-19, một s&aacute;ng kiến được đưa ra giữa c&aacute;c nước ASEAN l&agrave; tổ chức &ldquo;du lịch cầu h&agrave;ng kh&ocirc;ng&rdquo; giữa &ldquo;c&aacute;c nước xanh l&aacute; c&acirc;y&rdquo; để t&aacute;i mở cửa trong khu vực&hellip;</p>\r\n', 'Buy Smartphone Tips:\r\n\r\nAll smartphones are unlocked, without a contract.\r\nAll smartphones install global software, with Google Play service, and support OTA updating\r\nPlease ensure your SIM card is compatible with the smartphone\'s network bands, to check your SIM card carrier\'s network, please click here.\r\nPRODUCT MAIN FEATURES\r\nCOLOROS 7.2 BASED ON ANDROID 10 OS\r\nOPPO A32 runs on Android 10 OS that is overlaid with ColorOS 7.2, offering a fresh, fast platform to help you stay connected and productive while youare on the go.\r\n\r\nINTERNATIONAL MULTI-LANGUAGE SUPPORTED\r\nOffers the following languages to the world\'s users: English, Chinese, Malaysia, German, Spanish, Pilipino, French, Indonesian, Italian, Dutch, Portuguese, Russian, Vietnamese, Arabic, Nepali, Hindi, Thai, Japanese, Korean.  \r\n\r\nCOMPATIBLE WITH ASIA / EUROPE / AUSTRALIA 4G LTE BANDS\r\nOPPO A32 provides these 4G bands:\r\n\r\n4G FDD-LTE: B1/B3/B5/B8\r\n4G TD-LTE: B34/B38/B39/B40/B41(120M)\r\n6.5 inch AMOLED FHD+ SCREEN\r\nThe OPPO A32 features a 6.5-inch IPS LCD punch-hole display that supports a 90Hz refresh rate and HD+ resolution.\r\n\r\nSNAPDRAGON 460 OCTA-CORE PROCESSOR\r\nOPPO A32 is powered by Snapdragon 460 octa-core processor with 4GB/8GB of RAM and 128GB of storage. The 4GB/8GB of RAM delivers outstanding overall performance for opening and running applications, flipping through menus, running home screens, and more.\r\n\r\n128GB OF NATIVE STORAGE\r\nThe OPPO A32 is equipped with 128GB of native storage, providing plenty of storage space for your contacts, music, photos, apps, and more.\r\n\r\n13MP+2MP+2MP REAR CAMERAS\r\nOPPO A32 has triple rear cameras that include a 13MP main camera with f/2.2 aperture, a 2MP macro lens, and a 2MP depth sensor. There is an 8MP front-facing camera with f/2.0 aperture.\r\n\r\n5000MAH BIG CAPACITY BATTERY\r\nThe OPPO A32 is fueled by a 5,000mAh battery that supports 18W fast charging.\r\n\r\nREAR-MOUNTED FINGERPRINT SENSOR\r\nOPPO A32 is equipped with a rear-mounted fingerprint sensor that unlocks the phone quickly and safely.\r\n\r\nUSE YOUR SMARTPHONE AS A MOBILE HOTSPOT\r\nShare your 4G data connection with other compatible wireless devices.\r\n\r\nDUAL SIM DUAL STANDBY DUAL NANO SIM (SIM CARD NOT INCLUDED)\r\nDepends on device memory and network availability. Additional carrier charges may apply.', 1, '1599652148_132195020344748063_7.jpg', '', '', '', '', '', 6000000, 30, 11),
(5, '3 - MacBook Pro 16 Touch Bar 2.6GHz Core i7/16GB/', '<p>Khắc phục hậu quả của đại dịch Covid-19, một s&aacute;ng kiến được đưa ra giữa c&aacute;c nước ASEAN l&agrave; tổ chức &ldquo;du lịch cầu h&agrave;ng kh&ocirc;ng&rdquo; giữa &ldquo;c&aacute;c nước xanh l&aacute; c&acirc;y&rdquo; để t&aacute;i mở cửa trong khu vực&hellip;</p>\r\n', 'Buy Smartphone Tips:\r\n\r\nAll smartphones are unlocked, without a contract.\r\nAll smartphones install global software, with Google Play service, and support OTA updating\r\nPlease ensure your SIM card is compatible with the smartphone\'s network bands, to check your SIM card carrier\'s network, please click here.\r\nPRODUCT MAIN FEATURES\r\nCOLOROS 7.2 BASED ON ANDROID 10 OS\r\nOPPO A32 runs on Android 10 OS that is overlaid with ColorOS 7.2, offering a fresh, fast platform to help you stay connected and productive while youare on the go.\r\n\r\nINTERNATIONAL MULTI-LANGUAGE SUPPORTED\r\nOffers the following languages to the world\'s users: English, Chinese, Malaysia, German, Spanish, Pilipino, French, Indonesian, Italian, Dutch, Portuguese, Russian, Vietnamese, Arabic, Nepali, Hindi, Thai, Japanese, Korean.  \r\n\r\nCOMPATIBLE WITH ASIA / EUROPE / AUSTRALIA 4G LTE BANDS\r\nOPPO A32 provides these 4G bands:\r\n\r\n4G FDD-LTE: B1/B3/B5/B8\r\n4G TD-LTE: B34/B38/B39/B40/B41(120M)\r\n6.5 inch AMOLED FHD+ SCREEN\r\nThe OPPO A32 features a 6.5-inch IPS LCD punch-hole display that supports a 90Hz refresh rate and HD+ resolution.\r\n\r\nSNAPDRAGON 460 OCTA-CORE PROCESSOR\r\nOPPO A32 is powered by Snapdragon 460 octa-core processor with 4GB/8GB of RAM and 128GB of storage. The 4GB/8GB of RAM delivers outstanding overall performance for opening and running applications, flipping through menus, running home screens, and more.\r\n\r\n128GB OF NATIVE STORAGE\r\nThe OPPO A32 is equipped with 128GB of native storage, providing plenty of storage space for your contacts, music, photos, apps, and more.\r\n\r\n13MP+2MP+2MP REAR CAMERAS\r\nOPPO A32 has triple rear cameras that include a 13MP main camera with f/2.2 aperture, a 2MP macro lens, and a 2MP depth sensor. There is an 8MP front-facing camera with f/2.0 aperture.\r\n\r\n5000MAH BIG CAPACITY BATTERY\r\nThe OPPO A32 is fueled by a 5,000mAh battery that supports 18W fast charging.\r\n\r\nREAR-MOUNTED FINGERPRINT SENSOR\r\nOPPO A32 is equipped with a rear-mounted fingerprint sensor that unlocks the phone quickly and safely.\r\n\r\nUSE YOUR SMARTPHONE AS A MOBILE HOTSPOT\r\nShare your 4G data connection with other compatible wireless devices.\r\n\r\nDUAL SIM DUAL STANDBY DUAL NANO SIM (SIM CARD NOT INCLUDED)\r\nDepends on device memory and network availability. Additional carrier charges may apply.', 1, '1599652139_132218026418235444_8.jpg', '', '', '', '', '', 7000000, 40, 12),
(6, '4 - MacBook Pro 16 Touch Bar 2.6GHz Core i7/16GB/', '<p>Khắc phục hậu quả của đại dịch Covid-19, một s&aacute;ng kiến được đưa ra giữa c&aacute;c nước ASEAN l&agrave; tổ chức &ldquo;du lịch cầu h&agrave;ng kh&ocirc;ng&rdquo; giữa &ldquo;c&aacute;c nước xanh l&aacute; c&acirc;y&rdquo; để t&aacute;i mở cửa trong khu vực&hellip;</p>\r\n', 'Buy Smartphone Tips:\r\n\r\nAll smartphones are unlocked, without a contract.\r\nAll smartphones install global software, with Google Play service, and support OTA updating\r\nPlease ensure your SIM card is compatible with the smartphone\'s network bands, to check your SIM card carrier\'s network, please click here.\r\nPRODUCT MAIN FEATURES\r\nCOLOROS 7.2 BASED ON ANDROID 10 OS\r\nOPPO A32 runs on Android 10 OS that is overlaid with ColorOS 7.2, offering a fresh, fast platform to help you stay connected and productive while youare on the go.\r\n\r\nINTERNATIONAL MULTI-LANGUAGE SUPPORTED\r\nOffers the following languages to the world\'s users: English, Chinese, Malaysia, German, Spanish, Pilipino, French, Indonesian, Italian, Dutch, Portuguese, Russian, Vietnamese, Arabic, Nepali, Hindi, Thai, Japanese, Korean.  \r\n\r\nCOMPATIBLE WITH ASIA / EUROPE / AUSTRALIA 4G LTE BANDS\r\nOPPO A32 provides these 4G bands:\r\n\r\n4G FDD-LTE: B1/B3/B5/B8\r\n4G TD-LTE: B34/B38/B39/B40/B41(120M)\r\n6.5 inch AMOLED FHD+ SCREEN\r\nThe OPPO A32 features a 6.5-inch IPS LCD punch-hole display that supports a 90Hz refresh rate and HD+ resolution.\r\n\r\nSNAPDRAGON 460 OCTA-CORE PROCESSOR\r\nOPPO A32 is powered by Snapdragon 460 octa-core processor with 4GB/8GB of RAM and 128GB of storage. The 4GB/8GB of RAM delivers outstanding overall performance for opening and running applications, flipping through menus, running home screens, and more.\r\n\r\n128GB OF NATIVE STORAGE\r\nThe OPPO A32 is equipped with 128GB of native storage, providing plenty of storage space for your contacts, music, photos, apps, and more.\r\n\r\n13MP+2MP+2MP REAR CAMERAS\r\nOPPO A32 has triple rear cameras that include a 13MP main camera with f/2.2 aperture, a 2MP macro lens, and a 2MP depth sensor. There is an 8MP front-facing camera with f/2.0 aperture.\r\n\r\n5000MAH BIG CAPACITY BATTERY\r\nThe OPPO A32 is fueled by a 5,000mAh battery that supports 18W fast charging.\r\n\r\nREAR-MOUNTED FINGERPRINT SENSOR\r\nOPPO A32 is equipped with a rear-mounted fingerprint sensor that unlocks the phone quickly and safely.\r\n\r\nUSE YOUR SMARTPHONE AS A MOBILE HOTSPOT\r\nShare your 4G data connection with other compatible wireless devices.\r\n\r\nDUAL SIM DUAL STANDBY DUAL NANO SIM (SIM CARD NOT INCLUDED)\r\nDepends on device memory and network availability. Additional carrier charges may apply.', 1, '1599652133_132218026146647564_6.jpg', '', '', '', '', '', 8000000, 50, 12),
(7, '5 - MacBook Pro 16 Touch Bar 2.6GHz Core i7/16GB/', '<p>Khắc phục hậu quả của đại dịch Covid-19, một s&aacute;ng kiến được đưa ra giữa c&aacute;c nước ASEAN l&agrave; tổ chức &ldquo;du lịch cầu h&agrave;ng kh&ocirc;ng&rdquo; giữa &ldquo;c&aacute;c nước xanh l&aacute; c&acirc;y&rdquo; để t&aacute;i mở cửa trong khu vực&hellip;</p>\r\n', 'Buy Smartphone Tips:\r\n\r\nAll smartphones are unlocked, without a contract.\r\nAll smartphones install global software, with Google Play service, and support OTA updating\r\nPlease ensure your SIM card is compatible with the smartphone\'s network bands, to check your SIM card carrier\'s network, please click here.\r\nPRODUCT MAIN FEATURES\r\nCOLOROS 7.2 BASED ON ANDROID 10 OS\r\nOPPO A32 runs on Android 10 OS that is overlaid with ColorOS 7.2, offering a fresh, fast platform to help you stay connected and productive while youare on the go.\r\n\r\nINTERNATIONAL MULTI-LANGUAGE SUPPORTED\r\nOffers the following languages to the world\'s users: English, Chinese, Malaysia, German, Spanish, Pilipino, French, Indonesian, Italian, Dutch, Portuguese, Russian, Vietnamese, Arabic, Nepali, Hindi, Thai, Japanese, Korean.  \r\n\r\nCOMPATIBLE WITH ASIA / EUROPE / AUSTRALIA 4G LTE BANDS\r\nOPPO A32 provides these 4G bands:\r\n\r\n4G FDD-LTE: B1/B3/B5/B8\r\n4G TD-LTE: B34/B38/B39/B40/B41(120M)\r\n6.5 inch AMOLED FHD+ SCREEN\r\nThe OPPO A32 features a 6.5-inch IPS LCD punch-hole display that supports a 90Hz refresh rate and HD+ resolution.\r\n\r\nSNAPDRAGON 460 OCTA-CORE PROCESSOR\r\nOPPO A32 is powered by Snapdragon 460 octa-core processor with 4GB/8GB of RAM and 128GB of storage. The 4GB/8GB of RAM delivers outstanding overall performance for opening and running applications, flipping through menus, running home screens, and more.\r\n\r\n128GB OF NATIVE STORAGE\r\nThe OPPO A32 is equipped with 128GB of native storage, providing plenty of storage space for your contacts, music, photos, apps, and more.\r\n\r\n13MP+2MP+2MP REAR CAMERAS\r\nOPPO A32 has triple rear cameras that include a 13MP main camera with f/2.2 aperture, a 2MP macro lens, and a 2MP depth sensor. There is an 8MP front-facing camera with f/2.0 aperture.\r\n\r\n5000MAH BIG CAPACITY BATTERY\r\nThe OPPO A32 is fueled by a 5,000mAh battery that supports 18W fast charging.\r\n\r\nREAR-MOUNTED FINGERPRINT SENSOR\r\nOPPO A32 is equipped with a rear-mounted fingerprint sensor that unlocks the phone quickly and safely.\r\n\r\nUSE YOUR SMARTPHONE AS A MOBILE HOTSPOT\r\nShare your 4G data connection with other compatible wireless devices.\r\n\r\nDUAL SIM DUAL STANDBY DUAL NANO SIM (SIM CARD NOT INCLUDED)\r\nDepends on device memory and network availability. Additional carrier charges may apply.', 1, '1599652126_132218025766776697_7.jpg', '', '', '', '', '', 9000000, 20, 12),
(8, '6 - MacBook Pro 16 Touch Bar 2.6GHz Core i7/16GB/', '<p>Khắc phục hậu quả của đại dịch Covid-19, một s&aacute;ng kiến được đưa ra giữa c&aacute;c nước ASEAN l&agrave; tổ chức &ldquo;du lịch cầu h&agrave;ng kh&ocirc;ng&rdquo; giữa &ldquo;c&aacute;c nước xanh l&aacute; c&acirc;y&rdquo; để t&aacute;i mở cửa trong khu vực&hellip;</p>\r\n', 'Buy Smartphone Tips:\r\n\r\nAll smartphones are unlocked, without a contract.\r\nAll smartphones install global software, with Google Play service, and support OTA updating\r\nPlease ensure your SIM card is compatible with the smartphone\'s network bands, to check your SIM card carrier\'s network, please click here.\r\nPRODUCT MAIN FEATURES\r\nCOLOROS 7.2 BASED ON ANDROID 10 OS\r\nOPPO A32 runs on Android 10 OS that is overlaid with ColorOS 7.2, offering a fresh, fast platform to help you stay connected and productive while youare on the go.\r\n\r\nINTERNATIONAL MULTI-LANGUAGE SUPPORTED\r\nOffers the following languages to the world\'s users: English, Chinese, Malaysia, German, Spanish, Pilipino, French, Indonesian, Italian, Dutch, Portuguese, Russian, Vietnamese, Arabic, Nepali, Hindi, Thai, Japanese, Korean.  \r\n\r\nCOMPATIBLE WITH ASIA / EUROPE / AUSTRALIA 4G LTE BANDS\r\nOPPO A32 provides these 4G bands:\r\n\r\n4G FDD-LTE: B1/B3/B5/B8\r\n4G TD-LTE: B34/B38/B39/B40/B41(120M)\r\n6.5 inch AMOLED FHD+ SCREEN\r\nThe OPPO A32 features a 6.5-inch IPS LCD punch-hole display that supports a 90Hz refresh rate and HD+ resolution.\r\n\r\nSNAPDRAGON 460 OCTA-CORE PROCESSOR\r\nOPPO A32 is powered by Snapdragon 460 octa-core processor with 4GB/8GB of RAM and 128GB of storage. The 4GB/8GB of RAM delivers outstanding overall performance for opening and running applications, flipping through menus, running home screens, and more.\r\n\r\n128GB OF NATIVE STORAGE\r\nThe OPPO A32 is equipped with 128GB of native storage, providing plenty of storage space for your contacts, music, photos, apps, and more.\r\n\r\n13MP+2MP+2MP REAR CAMERAS\r\nOPPO A32 has triple rear cameras that include a 13MP main camera with f/2.2 aperture, a 2MP macro lens, and a 2MP depth sensor. There is an 8MP front-facing camera with f/2.0 aperture.\r\n\r\n5000MAH BIG CAPACITY BATTERY\r\nThe OPPO A32 is fueled by a 5,000mAh battery that supports 18W fast charging.\r\n\r\nREAR-MOUNTED FINGERPRINT SENSOR\r\nOPPO A32 is equipped with a rear-mounted fingerprint sensor that unlocks the phone quickly and safely.\r\n\r\nUSE YOUR SMARTPHONE AS A MOBILE HOTSPOT\r\nShare your 4G data connection with other compatible wireless devices.\r\n\r\nDUAL SIM DUAL STANDBY DUAL NANO SIM (SIM CARD NOT INCLUDED)\r\nDepends on device memory and network availability. Additional carrier charges may apply.', 1, '1599652120_132218025263764024_5.jpg', '', '', '', '', '', 10000000, 20, 12),
(9, '7 - MacBook Pro 16 Touch Bar 2.6GHz Core i7/16GB/', '<p>Khắc phục hậu quả của đại dịch Covid-19, một s&aacute;ng kiến được đưa ra giữa c&aacute;c nước ASEAN l&agrave; tổ chức &ldquo;du lịch cầu h&agrave;ng kh&ocirc;ng&rdquo; giữa &ldquo;c&aacute;c nước xanh l&aacute; c&acirc;y&rdquo; để t&aacute;i mở cửa trong khu vực&hellip;</p>\r\n', 'Buy Smartphone Tips:\r\n\r\nAll smartphones are unlocked, without a contract.\r\nAll smartphones install global software, with Google Play service, and support OTA updating\r\nPlease ensure your SIM card is compatible with the smartphone\'s network bands, to check your SIM card carrier\'s network, please click here.\r\nPRODUCT MAIN FEATURES\r\nCOLOROS 7.2 BASED ON ANDROID 10 OS\r\nOPPO A32 runs on Android 10 OS that is overlaid with ColorOS 7.2, offering a fresh, fast platform to help you stay connected and productive while youare on the go.\r\n\r\nINTERNATIONAL MULTI-LANGUAGE SUPPORTED\r\nOffers the following languages to the world\'s users: English, Chinese, Malaysia, German, Spanish, Pilipino, French, Indonesian, Italian, Dutch, Portuguese, Russian, Vietnamese, Arabic, Nepali, Hindi, Thai, Japanese, Korean.  \r\n\r\nCOMPATIBLE WITH ASIA / EUROPE / AUSTRALIA 4G LTE BANDS\r\nOPPO A32 provides these 4G bands:\r\n\r\n4G FDD-LTE: B1/B3/B5/B8\r\n4G TD-LTE: B34/B38/B39/B40/B41(120M)\r\n6.5 inch AMOLED FHD+ SCREEN\r\nThe OPPO A32 features a 6.5-inch IPS LCD punch-hole display that supports a 90Hz refresh rate and HD+ resolution.\r\n\r\nSNAPDRAGON 460 OCTA-CORE PROCESSOR\r\nOPPO A32 is powered by Snapdragon 460 octa-core processor with 4GB/8GB of RAM and 128GB of storage. The 4GB/8GB of RAM delivers outstanding overall performance for opening and running applications, flipping through menus, running home screens, and more.\r\n\r\n128GB OF NATIVE STORAGE\r\nThe OPPO A32 is equipped with 128GB of native storage, providing plenty of storage space for your contacts, music, photos, apps, and more.\r\n\r\n13MP+2MP+2MP REAR CAMERAS\r\nOPPO A32 has triple rear cameras that include a 13MP main camera with f/2.2 aperture, a 2MP macro lens, and a 2MP depth sensor. There is an 8MP front-facing camera with f/2.0 aperture.\r\n\r\n5000MAH BIG CAPACITY BATTERY\r\nThe OPPO A32 is fueled by a 5,000mAh battery that supports 18W fast charging.\r\n\r\nREAR-MOUNTED FINGERPRINT SENSOR\r\nOPPO A32 is equipped with a rear-mounted fingerprint sensor that unlocks the phone quickly and safely.\r\n\r\nUSE YOUR SMARTPHONE AS A MOBILE HOTSPOT\r\nShare your 4G data connection with other compatible wireless devices.\r\n\r\nDUAL SIM DUAL STANDBY DUAL NANO SIM (SIM CARD NOT INCLUDED)\r\nDepends on device memory and network availability. Additional carrier charges may apply.', 1, '1599652112_132218025005819014_4.jpg', '', '', '', '', '', 11000000, 60, 12),
(10, '8 - MacBook Pro 16 Touch Bar 2.6GHz Core i7/16GB/', '<p>Khắc phục hậu quả của đại dịch Covid-19, một s&aacute;ng kiến được đưa ra giữa c&aacute;c nước ASEAN l&agrave; tổ chức &ldquo;du lịch cầu h&agrave;ng kh&ocirc;ng&rdquo; giữa &ldquo;c&aacute;c nước xanh l&aacute; c&acirc;y&rdquo; để t&aacute;i mở cửa trong khu vực&hellip;</p>\r\n', 'Buy Smartphone Tips:\r\n\r\nAll smartphones are unlocked, without a contract.\r\nAll smartphones install global software, with Google Play service, and support OTA updating\r\nPlease ensure your SIM card is compatible with the smartphone\'s network bands, to check your SIM card carrier\'s network, please click here.\r\nPRODUCT MAIN FEATURES\r\nCOLOROS 7.2 BASED ON ANDROID 10 OS\r\nOPPO A32 runs on Android 10 OS that is overlaid with ColorOS 7.2, offering a fresh, fast platform to help you stay connected and productive while youare on the go.\r\n\r\nINTERNATIONAL MULTI-LANGUAGE SUPPORTED\r\nOffers the following languages to the world\'s users: English, Chinese, Malaysia, German, Spanish, Pilipino, French, Indonesian, Italian, Dutch, Portuguese, Russian, Vietnamese, Arabic, Nepali, Hindi, Thai, Japanese, Korean.  \r\n\r\nCOMPATIBLE WITH ASIA / EUROPE / AUSTRALIA 4G LTE BANDS\r\nOPPO A32 provides these 4G bands:\r\n\r\n4G FDD-LTE: B1/B3/B5/B8\r\n4G TD-LTE: B34/B38/B39/B40/B41(120M)\r\n6.5 inch AMOLED FHD+ SCREEN\r\nThe OPPO A32 features a 6.5-inch IPS LCD punch-hole display that supports a 90Hz refresh rate and HD+ resolution.\r\n\r\nSNAPDRAGON 460 OCTA-CORE PROCESSOR\r\nOPPO A32 is powered by Snapdragon 460 octa-core processor with 4GB/8GB of RAM and 128GB of storage. The 4GB/8GB of RAM delivers outstanding overall performance for opening and running applications, flipping through menus, running home screens, and more.\r\n\r\n128GB OF NATIVE STORAGE\r\nThe OPPO A32 is equipped with 128GB of native storage, providing plenty of storage space for your contacts, music, photos, apps, and more.\r\n\r\n13MP+2MP+2MP REAR CAMERAS\r\nOPPO A32 has triple rear cameras that include a 13MP main camera with f/2.2 aperture, a 2MP macro lens, and a 2MP depth sensor. There is an 8MP front-facing camera with f/2.0 aperture.\r\n\r\n5000MAH BIG CAPACITY BATTERY\r\nThe OPPO A32 is fueled by a 5,000mAh battery that supports 18W fast charging.\r\n\r\nREAR-MOUNTED FINGERPRINT SENSOR\r\nOPPO A32 is equipped with a rear-mounted fingerprint sensor that unlocks the phone quickly and safely.\r\n\r\nUSE YOUR SMARTPHONE AS A MOBILE HOTSPOT\r\nShare your 4G data connection with other compatible wireless devices.\r\n\r\nDUAL SIM DUAL STANDBY DUAL NANO SIM (SIM CARD NOT INCLUDED)\r\nDepends on device memory and network availability. Additional carrier charges may apply.', 1, '1599652106_132218024511439283_3.jpg', '', '', '', '', '', 12000000, 40, 12),
(11, '9 - MacBook Pro 16 Touch Bar 2.6GHz Core i7/16GB/', '<p>Khắc phục hậu quả của đại dịch Covid-19, một s&aacute;ng kiến được đưa ra giữa c&aacute;c nước ASEAN l&agrave; tổ chức &ldquo;du lịch cầu h&agrave;ng kh&ocirc;ng&rdquo; giữa &ldquo;c&aacute;c nước xanh l&aacute; c&acirc;y&rdquo; để t&aacute;i mở cửa trong khu vực&hellip;</p>\r\n', 'Buy Smartphone Tips:\r\n\r\nAll smartphones are unlocked, without a contract.\r\nAll smartphones install global software, with Google Play service, and support OTA updating\r\nPlease ensure your SIM card is compatible with the smartphone\'s network bands, to check your SIM card carrier\'s network, please click here.\r\nPRODUCT MAIN FEATURES\r\nCOLOROS 7.2 BASED ON ANDROID 10 OS\r\nOPPO A32 runs on Android 10 OS that is overlaid with ColorOS 7.2, offering a fresh, fast platform to help you stay connected and productive while youare on the go.\r\n\r\nINTERNATIONAL MULTI-LANGUAGE SUPPORTED\r\nOffers the following languages to the world\'s users: English, Chinese, Malaysia, German, Spanish, Pilipino, French, Indonesian, Italian, Dutch, Portuguese, Russian, Vietnamese, Arabic, Nepali, Hindi, Thai, Japanese, Korean.  \r\n\r\nCOMPATIBLE WITH ASIA / EUROPE / AUSTRALIA 4G LTE BANDS\r\nOPPO A32 provides these 4G bands:\r\n\r\n4G FDD-LTE: B1/B3/B5/B8\r\n4G TD-LTE: B34/B38/B39/B40/B41(120M)\r\n6.5 inch AMOLED FHD+ SCREEN\r\nThe OPPO A32 features a 6.5-inch IPS LCD punch-hole display that supports a 90Hz refresh rate and HD+ resolution.\r\n\r\nSNAPDRAGON 460 OCTA-CORE PROCESSOR\r\nOPPO A32 is powered by Snapdragon 460 octa-core processor with 4GB/8GB of RAM and 128GB of storage. The 4GB/8GB of RAM delivers outstanding overall performance for opening and running applications, flipping through menus, running home screens, and more.\r\n\r\n128GB OF NATIVE STORAGE\r\nThe OPPO A32 is equipped with 128GB of native storage, providing plenty of storage space for your contacts, music, photos, apps, and more.\r\n\r\n13MP+2MP+2MP REAR CAMERAS\r\nOPPO A32 has triple rear cameras that include a 13MP main camera with f/2.2 aperture, a 2MP macro lens, and a 2MP depth sensor. There is an 8MP front-facing camera with f/2.0 aperture.\r\n\r\n5000MAH BIG CAPACITY BATTERY\r\nThe OPPO A32 is fueled by a 5,000mAh battery that supports 18W fast charging.\r\n\r\nREAR-MOUNTED FINGERPRINT SENSOR\r\nOPPO A32 is equipped with a rear-mounted fingerprint sensor that unlocks the phone quickly and safely.\r\n\r\nUSE YOUR SMARTPHONE AS A MOBILE HOTSPOT\r\nShare your 4G data connection with other compatible wireless devices.\r\n\r\nDUAL SIM DUAL STANDBY DUAL NANO SIM (SIM CARD NOT INCLUDED)\r\nDepends on device memory and network availability. Additional carrier charges may apply.', 1, '1599652100_132218024222456931_2.jpg', '', '', '', '', '', 50000000, 20, 12),
(12, '10 - MacBook Pro 16 Touch Bar 2.6GHz Core i7/16GB/', '<p>Khắc phục hậu quả của đại dịch Covid-19, một s&aacute;ng kiến được đưa ra giữa c&aacute;c nước ASEAN l&agrave; tổ chức &ldquo;du lịch cầu h&agrave;ng kh&ocirc;ng&rdquo; giữa &ldquo;c&aacute;c nước xanh l&aacute; c&acirc;y&rdquo; để t&aacute;i mở cửa trong khu vực&hellip;</p>\r\n', 'Buy Smartphone Tips:\r\n\r\nAll smartphones are unlocked, without a contract.\r\nAll smartphones install global software, with Google Play service, and support OTA updating\r\nPlease ensure your SIM card is compatible with the smartphone\'s network bands, to check your SIM card carrier\'s network, please click here.\r\nPRODUCT MAIN FEATURES\r\nCOLOROS 7.2 BASED ON ANDROID 10 OS\r\nOPPO A32 runs on Android 10 OS that is overlaid with ColorOS 7.2, offering a fresh, fast platform to help you stay connected and productive while youare on the go.\r\n\r\nINTERNATIONAL MULTI-LANGUAGE SUPPORTED\r\nOffers the following languages to the world\'s users: English, Chinese, Malaysia, German, Spanish, Pilipino, French, Indonesian, Italian, Dutch, Portuguese, Russian, Vietnamese, Arabic, Nepali, Hindi, Thai, Japanese, Korean.  \r\n\r\nCOMPATIBLE WITH ASIA / EUROPE / AUSTRALIA 4G LTE BANDS\r\nOPPO A32 provides these 4G bands:\r\n\r\n4G FDD-LTE: B1/B3/B5/B8\r\n4G TD-LTE: B34/B38/B39/B40/B41(120M)\r\n6.5 inch AMOLED FHD+ SCREEN\r\nThe OPPO A32 features a 6.5-inch IPS LCD punch-hole display that supports a 90Hz refresh rate and HD+ resolution.\r\n\r\nSNAPDRAGON 460 OCTA-CORE PROCESSOR\r\nOPPO A32 is powered by Snapdragon 460 octa-core processor with 4GB/8GB of RAM and 128GB of storage. The 4GB/8GB of RAM delivers outstanding overall performance for opening and running applications, flipping through menus, running home screens, and more.\r\n\r\n128GB OF NATIVE STORAGE\r\nThe OPPO A32 is equipped with 128GB of native storage, providing plenty of storage space for your contacts, music, photos, apps, and more.\r\n\r\n13MP+2MP+2MP REAR CAMERAS\r\nOPPO A32 has triple rear cameras that include a 13MP main camera with f/2.2 aperture, a 2MP macro lens, and a 2MP depth sensor. There is an 8MP front-facing camera with f/2.0 aperture.\r\n\r\n5000MAH BIG CAPACITY BATTERY\r\nThe OPPO A32 is fueled by a 5,000mAh battery that supports 18W fast charging.\r\n\r\nREAR-MOUNTED FINGERPRINT SENSOR\r\nOPPO A32 is equipped with a rear-mounted fingerprint sensor that unlocks the phone quickly and safely.\r\n\r\nUSE YOUR SMARTPHONE AS A MOBILE HOTSPOT\r\nShare your 4G data connection with other compatible wireless devices.\r\n\r\nDUAL SIM DUAL STANDBY DUAL NANO SIM (SIM CARD NOT INCLUDED)\r\nDepends on device memory and network availability. Additional carrier charges may apply.', 1, '1599652094_132218023958008825_1.jpg', '', '', '', '', '', 80000000, 20, 12),
(13, '11 - MacBook Pro 16 Touch Bar 2.6GHz Core i7/16GB/', '<p>Khắc phục hậu quả của đại dịch Covid-19, một s&aacute;ng kiến được đưa ra giữa c&aacute;c nước ASEAN l&agrave; tổ chức &ldquo;du lịch cầu h&agrave;ng kh&ocirc;ng&rdquo; giữa &ldquo;c&aacute;c nước xanh l&aacute; c&acirc;y&rdquo; để t&aacute;i mở cửa trong khu vực&hellip;</p>\r\n', 'Buy Smartphone Tips:\r\n\r\nAll smartphones are unlocked, without a contract.\r\nAll smartphones install global software, with Google Play service, and support OTA updating\r\nPlease ensure your SIM card is compatible with the smartphone\'s network bands, to check your SIM card carrier\'s network, please click here.\r\nPRODUCT MAIN FEATURES\r\nCOLOROS 7.2 BASED ON ANDROID 10 OS\r\nOPPO A32 runs on Android 10 OS that is overlaid with ColorOS 7.2, offering a fresh, fast platform to help you stay connected and productive while youare on the go.\r\n\r\nINTERNATIONAL MULTI-LANGUAGE SUPPORTED\r\nOffers the following languages to the world\'s users: English, Chinese, Malaysia, German, Spanish, Pilipino, French, Indonesian, Italian, Dutch, Portuguese, Russian, Vietnamese, Arabic, Nepali, Hindi, Thai, Japanese, Korean.  \r\n\r\nCOMPATIBLE WITH ASIA / EUROPE / AUSTRALIA 4G LTE BANDS\r\nOPPO A32 provides these 4G bands:\r\n\r\n4G FDD-LTE: B1/B3/B5/B8\r\n4G TD-LTE: B34/B38/B39/B40/B41(120M)\r\n6.5 inch AMOLED FHD+ SCREEN\r\nThe OPPO A32 features a 6.5-inch IPS LCD punch-hole display that supports a 90Hz refresh rate and HD+ resolution.\r\n\r\nSNAPDRAGON 460 OCTA-CORE PROCESSOR\r\nOPPO A32 is powered by Snapdragon 460 octa-core processor with 4GB/8GB of RAM and 128GB of storage. The 4GB/8GB of RAM delivers outstanding overall performance for opening and running applications, flipping through menus, running home screens, and more.\r\n\r\n128GB OF NATIVE STORAGE\r\nThe OPPO A32 is equipped with 128GB of native storage, providing plenty of storage space for your contacts, music, photos, apps, and more.\r\n\r\n13MP+2MP+2MP REAR CAMERAS\r\nOPPO A32 has triple rear cameras that include a 13MP main camera with f/2.2 aperture, a 2MP macro lens, and a 2MP depth sensor. There is an 8MP front-facing camera with f/2.0 aperture.\r\n\r\n5000MAH BIG CAPACITY BATTERY\r\nThe OPPO A32 is fueled by a 5,000mAh battery that supports 18W fast charging.\r\n\r\nREAR-MOUNTED FINGERPRINT SENSOR\r\nOPPO A32 is equipped with a rear-mounted fingerprint sensor that unlocks the phone quickly and safely.\r\n\r\nUSE YOUR SMARTPHONE AS A MOBILE HOTSPOT\r\nShare your 4G data connection with other compatible wireless devices.\r\n\r\nDUAL SIM DUAL STANDBY DUAL NANO SIM (SIM CARD NOT INCLUDED)\r\nDepends on device memory and network availability. Additional carrier charges may apply.', 0, '1599652087_132195021199455963_9.jpg', '', '', '', '', '', 7000000, 20, 6),
(14, 'Mi 9', '<p>Khắc phục hậu quả của đại dịch Covid-19, một s&aacute;ng kiến được đưa ra giữa c&aacute;c nước ASEAN l&agrave; tổ chức &ldquo;du lịch cầu h&agrave;ng kh&ocirc;ng&rdquo; giữa &ldquo;c&aacute;c nước xanh l&aacute; c&acirc;y&rdquo; để t&aacute;i mở cửa trong khu vực&hellip;</p>\r\n', 'Buy Smartphone Tips:\r\n\r\nAll smartphones are unlocked, without a contract.\r\nAll smartphones install global software, with Google Play service, and support OTA updating\r\nPlease ensure your SIM card is compatible with the smartphone\'s network bands, to check your SIM card carrier\'s network, please click here.\r\nPRODUCT MAIN FEATURES\r\nCOLOROS 7.2 BASED ON ANDROID 10 OS\r\nOPPO A32 runs on Android 10 OS that is overlaid with ColorOS 7.2, offering a fresh, fast platform to help you stay connected and productive while youare on the go.\r\n\r\nINTERNATIONAL MULTI-LANGUAGE SUPPORTED\r\nOffers the following languages to the world\'s users: English, Chinese, Malaysia, German, Spanish, Pilipino, French, Indonesian, Italian, Dutch, Portuguese, Russian, Vietnamese, Arabic, Nepali, Hindi, Thai, Japanese, Korean.  \r\n\r\nCOMPATIBLE WITH ASIA / EUROPE / AUSTRALIA 4G LTE BANDS\r\nOPPO A32 provides these 4G bands:\r\n\r\n4G FDD-LTE: B1/B3/B5/B8\r\n4G TD-LTE: B34/B38/B39/B40/B41(120M)\r\n6.5 inch AMOLED FHD+ SCREEN\r\nThe OPPO A32 features a 6.5-inch IPS LCD punch-hole display that supports a 90Hz refresh rate and HD+ resolution.\r\n\r\nSNAPDRAGON 460 OCTA-CORE PROCESSOR\r\nOPPO A32 is powered by Snapdragon 460 octa-core processor with 4GB/8GB of RAM and 128GB of storage. The 4GB/8GB of RAM delivers outstanding overall performance for opening and running applications, flipping through menus, running home screens, and more.\r\n\r\n128GB OF NATIVE STORAGE\r\nThe OPPO A32 is equipped with 128GB of native storage, providing plenty of storage space for your contacts, music, photos, apps, and more.\r\n\r\n13MP+2MP+2MP REAR CAMERAS\r\nOPPO A32 has triple rear cameras that include a 13MP main camera with f/2.2 aperture, a 2MP macro lens, and a 2MP depth sensor. There is an 8MP front-facing camera with f/2.0 aperture.\r\n\r\n5000MAH BIG CAPACITY BATTERY\r\nThe OPPO A32 is fueled by a 5,000mAh battery that supports 18W fast charging.\r\n\r\nREAR-MOUNTED FINGERPRINT SENSOR\r\nOPPO A32 is equipped with a rear-mounted fingerprint sensor that unlocks the phone quickly and safely.\r\n\r\nUSE YOUR SMARTPHONE AS A MOBILE HOTSPOT\r\nShare your 4G data connection with other compatible wireless devices.\r\n\r\nDUAL SIM DUAL STANDBY DUAL NANO SIM (SIM CARD NOT INCLUDED)\r\nDepends on device memory and network availability. Additional carrier charges may apply.', 1, '1599652081_132195020732826532_8.jpg', '', '', '', '', '', 12000000, 10, 16),
(15, 'Realme 5i', '<p>Khắc phục hậu quả của đại dịch Covid-19, một s&aacute;ng kiến được đưa ra giữa c&aacute;c nước ASEAN l&agrave; tổ chức &ldquo;du lịch cầu h&agrave;ng kh&ocirc;ng&rdquo; giữa &ldquo;c&aacute;c nước xanh l&aacute; c&acirc;y&rdquo; để t&aacute;i mở cửa trong khu vực&hellip;</p>\r\n', 'Buy Smartphone Tips:\r\n\r\nAll smartphones are unlocked, without a contract.\r\nAll smartphones install global software, with Google Play service, and support OTA updating\r\nPlease ensure your SIM card is compatible with the smartphone\'s network bands, to check your SIM card carrier\'s network, please click here.\r\nPRODUCT MAIN FEATURES\r\nCOLOROS 7.2 BASED ON ANDROID 10 OS\r\nOPPO A32 runs on Android 10 OS that is overlaid with ColorOS 7.2, offering a fresh, fast platform to help you stay connected and productive while youare on the go.\r\n\r\nINTERNATIONAL MULTI-LANGUAGE SUPPORTED\r\nOffers the following languages to the world\'s users: English, Chinese, Malaysia, German, Spanish, Pilipino, French, Indonesian, Italian, Dutch, Portuguese, Russian, Vietnamese, Arabic, Nepali, Hindi, Thai, Japanese, Korean.  \r\n\r\nCOMPATIBLE WITH ASIA / EUROPE / AUSTRALIA 4G LTE BANDS\r\nOPPO A32 provides these 4G bands:\r\n\r\n4G FDD-LTE: B1/B3/B5/B8\r\n4G TD-LTE: B34/B38/B39/B40/B41(120M)\r\n6.5 inch AMOLED FHD+ SCREEN\r\nThe OPPO A32 features a 6.5-inch IPS LCD punch-hole display that supports a 90Hz refresh rate and HD+ resolution.\r\n\r\nSNAPDRAGON 460 OCTA-CORE PROCESSOR\r\nOPPO A32 is powered by Snapdragon 460 octa-core processor with 4GB/8GB of RAM and 128GB of storage. The 4GB/8GB of RAM delivers outstanding overall performance for opening and running applications, flipping through menus, running home screens, and more.\r\n\r\n128GB OF NATIVE STORAGE\r\nThe OPPO A32 is equipped with 128GB of native storage, providing plenty of storage space for your contacts, music, photos, apps, and more.\r\n\r\n13MP+2MP+2MP REAR CAMERAS\r\nOPPO A32 has triple rear cameras that include a 13MP main camera with f/2.2 aperture, a 2MP macro lens, and a 2MP depth sensor. There is an 8MP front-facing camera with f/2.0 aperture.\r\n\r\n5000MAH BIG CAPACITY BATTERY\r\nThe OPPO A32 is fueled by a 5,000mAh battery that supports 18W fast charging.\r\n\r\nREAR-MOUNTED FINGERPRINT SENSOR\r\nOPPO A32 is equipped with a rear-mounted fingerprint sensor that unlocks the phone quickly and safely.\r\n\r\nUSE YOUR SMARTPHONE AS A MOBILE HOTSPOT\r\nShare your 4G data connection with other compatible wireless devices.\r\n\r\nDUAL SIM DUAL STANDBY DUAL NANO SIM (SIM CARD NOT INCLUDED)\r\nDepends on device memory and network availability. Additional carrier charges may apply.', 1, '1599652075_132195020344748063_7.jpg', '', '', '', '', '', 6000000, 12, 7),
(16, 'Vivo iQOO 855', '<p>Khắc phục hậu quả của đại dịch Covid-19, một s&aacute;ng kiến được đưa ra giữa c&aacute;c nước ASEAN l&agrave; tổ chức &ldquo;du lịch cầu h&agrave;ng kh&ocirc;ng&rdquo; giữa &ldquo;c&aacute;c nước xanh l&aacute; c&acirc;y&rdquo; để t&aacute;i mở cửa trong khu vực&hellip;</p>\r\n', 'Buy Smartphone Tips:\r\n\r\nAll smartphones are unlocked, without a contract.\r\nAll smartphones install global software, with Google Play service, and support OTA updating\r\nPlease ensure your SIM card is compatible with the smartphone\'s network bands, to check your SIM card carrier\'s network, please click here.\r\nPRODUCT MAIN FEATURES\r\nCOLOROS 7.2 BASED ON ANDROID 10 OS\r\nOPPO A32 runs on Android 10 OS that is overlaid with ColorOS 7.2, offering a fresh, fast platform to help you stay connected and productive while youare on the go.\r\n\r\nINTERNATIONAL MULTI-LANGUAGE SUPPORTED\r\nOffers the following languages to the world\'s users: English, Chinese, Malaysia, German, Spanish, Pilipino, French, Indonesian, Italian, Dutch, Portuguese, Russian, Vietnamese, Arabic, Nepali, Hindi, Thai, Japanese, Korean.  \r\n\r\nCOMPATIBLE WITH ASIA / EUROPE / AUSTRALIA 4G LTE BANDS\r\nOPPO A32 provides these 4G bands:\r\n\r\n4G FDD-LTE: B1/B3/B5/B8\r\n4G TD-LTE: B34/B38/B39/B40/B41(120M)\r\n6.5 inch AMOLED FHD+ SCREEN\r\nThe OPPO A32 features a 6.5-inch IPS LCD punch-hole display that supports a 90Hz refresh rate and HD+ resolution.\r\n\r\nSNAPDRAGON 460 OCTA-CORE PROCESSOR\r\nOPPO A32 is powered by Snapdragon 460 octa-core processor with 4GB/8GB of RAM and 128GB of storage. The 4GB/8GB of RAM delivers outstanding overall performance for opening and running applications, flipping through menus, running home screens, and more.\r\n\r\n128GB OF NATIVE STORAGE\r\nThe OPPO A32 is equipped with 128GB of native storage, providing plenty of storage space for your contacts, music, photos, apps, and more.\r\n\r\n13MP+2MP+2MP REAR CAMERAS\r\nOPPO A32 has triple rear cameras that include a 13MP main camera with f/2.2 aperture, a 2MP macro lens, and a 2MP depth sensor. There is an 8MP front-facing camera with f/2.0 aperture.\r\n\r\n5000MAH BIG CAPACITY BATTERY\r\nThe OPPO A32 is fueled by a 5,000mAh battery that supports 18W fast charging.\r\n\r\nREAR-MOUNTED FINGERPRINT SENSOR\r\nOPPO A32 is equipped with a rear-mounted fingerprint sensor that unlocks the phone quickly and safely.\r\n\r\nUSE YOUR SMARTPHONE AS A MOBILE HOTSPOT\r\nShare your 4G data connection with other compatible wireless devices.\r\n\r\nDUAL SIM DUAL STANDBY DUAL NANO SIM (SIM CARD NOT INCLUDED)\r\nDepends on device memory and network availability. Additional carrier charges may apply.', 1, '1599652069_132195019983557925_6.jpg', '', '', '', '', '', 12000000, 8, 11),
(17, 'Samsung  A71', '<p>Khắc phục hậu quả của đại dịch Covid-19, một s&aacute;ng kiến được đưa ra giữa c&aacute;c nước ASEAN l&agrave; tổ chức &ldquo;du lịch cầu h&agrave;ng kh&ocirc;ng&rdquo; giữa &ldquo;c&aacute;c nước xanh l&aacute; c&acirc;y&rdquo; để t&aacute;i mở cửa trong khu vực&hellip;</p>\r\n', 'Buy Smartphone Tips:\r\n\r\nAll smartphones are unlocked, without a contract.\r\nAll smartphones install global software, with Google Play service, and support OTA updating\r\nPlease ensure your SIM card is compatible with the smartphone\'s network bands, to check your SIM card carrier\'s network, please click here.\r\nPRODUCT MAIN FEATURES\r\nCOLOROS 7.2 BASED ON ANDROID 10 OS\r\nOPPO A32 runs on Android 10 OS that is overlaid with ColorOS 7.2, offering a fresh, fast platform to help you stay connected and productive while youare on the go.\r\n\r\nINTERNATIONAL MULTI-LANGUAGE SUPPORTED\r\nOffers the following languages to the world\'s users: English, Chinese, Malaysia, German, Spanish, Pilipino, French, Indonesian, Italian, Dutch, Portuguese, Russian, Vietnamese, Arabic, Nepali, Hindi, Thai, Japanese, Korean.  \r\n\r\nCOMPATIBLE WITH ASIA / EUROPE / AUSTRALIA 4G LTE BANDS\r\nOPPO A32 provides these 4G bands:\r\n\r\n4G FDD-LTE: B1/B3/B5/B8\r\n4G TD-LTE: B34/B38/B39/B40/B41(120M)\r\n6.5 inch AMOLED FHD+ SCREEN\r\nThe OPPO A32 features a 6.5-inch IPS LCD punch-hole display that supports a 90Hz refresh rate and HD+ resolution.\r\n\r\nSNAPDRAGON 460 OCTA-CORE PROCESSOR\r\nOPPO A32 is powered by Snapdragon 460 octa-core processor with 4GB/8GB of RAM and 128GB of storage. The 4GB/8GB of RAM delivers outstanding overall performance for opening and running applications, flipping through menus, running home screens, and more.\r\n\r\n128GB OF NATIVE STORAGE\r\nThe OPPO A32 is equipped with 128GB of native storage, providing plenty of storage space for your contacts, music, photos, apps, and more.\r\n\r\n13MP+2MP+2MP REAR CAMERAS\r\nOPPO A32 has triple rear cameras that include a 13MP main camera with f/2.2 aperture, a 2MP macro lens, and a 2MP depth sensor. There is an 8MP front-facing camera with f/2.0 aperture.\r\n\r\n5000MAH BIG CAPACITY BATTERY\r\nThe OPPO A32 is fueled by a 5,000mAh battery that supports 18W fast charging.\r\n\r\nREAR-MOUNTED FINGERPRINT SENSOR\r\nOPPO A32 is equipped with a rear-mounted fingerprint sensor that unlocks the phone quickly and safely.\r\n\r\nUSE YOUR SMARTPHONE AS A MOBILE HOTSPOT\r\nShare your 4G data connection with other compatible wireless devices.\r\n\r\nDUAL SIM DUAL STANDBY DUAL NANO SIM (SIM CARD NOT INCLUDED)\r\nDepends on device memory and network availability. Additional carrier charges may apply.', 1, '1599652063_132195019156699102_4.jpg', '', '', '', '', '', 8000000, 5, 4),
(18, 'Samsung S10 Plus', '<p>Khắc phục hậu quả của đại dịch Covid-19, một s&aacute;ng kiến được đưa ra giữa c&aacute;c nước ASEAN l&agrave; tổ chức &ldquo;du lịch cầu h&agrave;ng kh&ocirc;ng&rdquo; giữa &ldquo;c&aacute;c nước xanh l&aacute; c&acirc;y&rdquo; để t&aacute;i mở cửa trong khu vực&hellip;</p>\r\n', 'Buy Smartphone Tips:\r\n\r\nAll smartphones are unlocked, without a contract.\r\nAll smartphones install global software, with Google Play service, and support OTA updating\r\nPlease ensure your SIM card is compatible with the smartphone\'s network bands, to check your SIM card carrier\'s network, please click here.\r\nPRODUCT MAIN FEATURES\r\nCOLOROS 7.2 BASED ON ANDROID 10 OS\r\nOPPO A32 runs on Android 10 OS that is overlaid with ColorOS 7.2, offering a fresh, fast platform to help you stay connected and productive while youare on the go.\r\n\r\nINTERNATIONAL MULTI-LANGUAGE SUPPORTED\r\nOffers the following languages to the world\'s users: English, Chinese, Malaysia, German, Spanish, Pilipino, French, Indonesian, Italian, Dutch, Portuguese, Russian, Vietnamese, Arabic, Nepali, Hindi, Thai, Japanese, Korean.  \r\n\r\nCOMPATIBLE WITH ASIA / EUROPE / AUSTRALIA 4G LTE BANDS\r\nOPPO A32 provides these 4G bands:\r\n\r\n4G FDD-LTE: B1/B3/B5/B8\r\n4G TD-LTE: B34/B38/B39/B40/B41(120M)\r\n6.5 inch AMOLED FHD+ SCREEN\r\nThe OPPO A32 features a 6.5-inch IPS LCD punch-hole display that supports a 90Hz refresh rate and HD+ resolution.\r\n\r\nSNAPDRAGON 460 OCTA-CORE PROCESSOR\r\nOPPO A32 is powered by Snapdragon 460 octa-core processor with 4GB/8GB of RAM and 128GB of storage. The 4GB/8GB of RAM delivers outstanding overall performance for opening and running applications, flipping through menus, running home screens, and more.\r\n\r\n128GB OF NATIVE STORAGE\r\nThe OPPO A32 is equipped with 128GB of native storage, providing plenty of storage space for your contacts, music, photos, apps, and more.\r\n\r\n13MP+2MP+2MP REAR CAMERAS\r\nOPPO A32 has triple rear cameras that include a 13MP main camera with f/2.2 aperture, a 2MP macro lens, and a 2MP depth sensor. There is an 8MP front-facing camera with f/2.0 aperture.\r\n\r\n5000MAH BIG CAPACITY BATTERY\r\nThe OPPO A32 is fueled by a 5,000mAh battery that supports 18W fast charging.\r\n\r\nREAR-MOUNTED FINGERPRINT SENSOR\r\nOPPO A32 is equipped with a rear-mounted fingerprint sensor that unlocks the phone quickly and safely.\r\n\r\nUSE YOUR SMARTPHONE AS A MOBILE HOTSPOT\r\nShare your 4G data connection with other compatible wireless devices.\r\n\r\nDUAL SIM DUAL STANDBY DUAL NANO SIM (SIM CARD NOT INCLUDED)\r\nDepends on device memory and network availability. Additional carrier charges may apply.', 1, '1599652055_132195018673480610_3.jpg', '', '', '', '', '', 15000000, 20, 4),
(19, 'Samsung A10', '<p>Khắc phục hậu quả của đại dịch Covid-19, một s&aacute;ng kiến được đưa ra giữa c&aacute;c nước ASEAN l&agrave; tổ chức &ldquo;du lịch cầu h&agrave;ng kh&ocirc;ng&rdquo; giữa &ldquo;c&aacute;c nước xanh l&aacute; c&acirc;y&rdquo; để t&aacute;i mở cửa trong khu vực&hellip;</p>\r\n', 'Buy Smartphone Tips:\r\n\r\nAll smartphones are unlocked, without a contract.\r\nAll smartphones install global software, with Google Play service, and support OTA updating\r\nPlease ensure your SIM card is compatible with the smartphone\'s network bands, to check your SIM card carrier\'s network, please click here.\r\nPRODUCT MAIN FEATURES\r\nCOLOROS 7.2 BASED ON ANDROID 10 OS\r\nOPPO A32 runs on Android 10 OS that is overlaid with ColorOS 7.2, offering a fresh, fast platform to help you stay connected and productive while youare on the go.\r\n\r\nINTERNATIONAL MULTI-LANGUAGE SUPPORTED\r\nOffers the following languages to the world\'s users: English, Chinese, Malaysia, German, Spanish, Pilipino, French, Indonesian, Italian, Dutch, Portuguese, Russian, Vietnamese, Arabic, Nepali, Hindi, Thai, Japanese, Korean.  \r\n\r\nCOMPATIBLE WITH ASIA / EUROPE / AUSTRALIA 4G LTE BANDS\r\nOPPO A32 provides these 4G bands:\r\n\r\n4G FDD-LTE: B1/B3/B5/B8\r\n4G TD-LTE: B34/B38/B39/B40/B41(120M)\r\n6.5 inch AMOLED FHD+ SCREEN\r\nThe OPPO A32 features a 6.5-inch IPS LCD punch-hole display that supports a 90Hz refresh rate and HD+ resolution.\r\n\r\nSNAPDRAGON 460 OCTA-CORE PROCESSOR\r\nOPPO A32 is powered by Snapdragon 460 octa-core processor with 4GB/8GB of RAM and 128GB of storage. The 4GB/8GB of RAM delivers outstanding overall performance for opening and running applications, flipping through menus, running home screens, and more.\r\n\r\n128GB OF NATIVE STORAGE\r\nThe OPPO A32 is equipped with 128GB of native storage, providing plenty of storage space for your contacts, music, photos, apps, and more.\r\n\r\n13MP+2MP+2MP REAR CAMERAS\r\nOPPO A32 has triple rear cameras that include a 13MP main camera with f/2.2 aperture, a 2MP macro lens, and a 2MP depth sensor. There is an 8MP front-facing camera with f/2.0 aperture.\r\n\r\n5000MAH BIG CAPACITY BATTERY\r\nThe OPPO A32 is fueled by a 5,000mAh battery that supports 18W fast charging.\r\n\r\nREAR-MOUNTED FINGERPRINT SENSOR\r\nOPPO A32 is equipped with a rear-mounted fingerprint sensor that unlocks the phone quickly and safely.\r\n\r\nUSE YOUR SMARTPHONE AS A MOBILE HOTSPOT\r\nShare your 4G data connection with other compatible wireless devices.\r\n\r\nDUAL SIM DUAL STANDBY DUAL NANO SIM (SIM CARD NOT INCLUDED)\r\nDepends on device memory and network availability. Additional carrier charges may apply.', 1, '1599652049_132195018346013007_2.jpg', '', '', '', '', '', 2000000, 5, 4);
INSERT INTO `products` (`id`, `name`, `description`, `content`, `hot`, `photo`, `photo1`, `photo2`, `photo3`, `photo4`, `photo5`, `price`, `discount`, `category_id`) VALUES
(20, 'Samsung S20 Ultra', '<p>Khắc phục hậu quả của đại dịch Covid-19, một s&aacute;ng kiến được đưa ra giữa c&aacute;c nước ASEAN l&agrave; tổ chức &ldquo;du lịch cầu h&agrave;ng kh&ocirc;ng&rdquo; giữa &ldquo;c&aacute;c nước xanh l&aacute; c&acirc;y&rdquo; để t&aacute;i mở cửa trong khu vực&hellip;</p>\r\n', '<p>Buy Smartphone Tips:</p>\r\n\r\n<ul>\r\n	<li>All smartphones are unlocked, without a contract.</li>\r\n	<li>All smartphones install global software, with Google Play service, and support OTA updating</li>\r\n	<li>Please ensure your SIM card is compatible with the smartphone&#39;s network bands, to check your SIM card carrier&#39;s network, please&nbsp;<a href=\"https://www.giztop.com/4g-lte-bands\" title=\"smartphone 4G LTE network bands\">click here</a>.</li>\r\n</ul>\r\n\r\n<hr />\r\n<h2>PRODUCT MAIN FEATURES</h2>\r\n\r\n<h3>COLOROS 7.2 BASED ON ANDROID 10 OS</h3>\r\n\r\n<p>OPPO A32 runs on Android 10 OS that is overlaid with ColorOS 7.2, offering a fresh, fast platform to help you stay connected and productive while you&#39;re on the go.</p>\r\n\r\n<h3>INTERNATIONAL MULTI-LANGUAGE SUPPORTED</h3>\r\n\r\n<p>Offers the following languages to the world&#39;s users:&nbsp;English, Chinese, Malaysia, German, Spanish, Pilipino, French, Indonesian, Italian, Dutch, Portuguese, Russian, Vietnamese, Arabic, Nepali, Hindi, Thai, Japanese, Korean.&nbsp;&nbsp;</p>\r\n\r\n<h3>COMPATIBLE WITH ASIA / EUROPE / AUSTRALIA 4G LTE BANDS</h3>\r\n\r\n<p>OPPO A32 provides these 4G bands:</p>\r\n\r\n<ul>\r\n	<li>4G FDD-LTE: B1/B3/B5/B8</li>\r\n	<li>4G TD-LTE: B34/B38/B39/B40/B41(120M)</li>\r\n</ul>\r\n\r\n<h4>6.5&quot; AMOLED FHD+ SCREEN</h4>\r\n\r\n<p>The OPPO A32 features a 6.5-inch IPS LCD punch-hole display that supports a 90Hz refresh rate and HD+ resolution.</p>\r\n\r\n<h3>SNAPDRAGON 460 OCTA-CORE PROCESSOR</h3>\r\n\r\n<p>OPPO A32 is powered by Snapdragon 460 octa-core processor with 4GB/8GB of RAM and 128GB of storage. The 4GB/8GB of RAM delivers outstanding overall performance for opening and running applications, flipping through menus, running home screens, and more.</p>\r\n\r\n<h3>128GB OF NATIVE STORAGE</h3>\r\n\r\n<p>The OPPO A32 is equipped with 128GB of native storage, providing plenty of storage space for your contacts, music, photos, apps, and more.</p>\r\n\r\n<h3>13MP+2MP+2MP REAR CAMERAS</h3>\r\n\r\n<p>OPPO A32 has triple rear cameras that include a 13MP main camera with f/2.2 aperture, a 2MP macro lens, and a 2MP depth sensor. There is an 8MP front-facing camera with f/2.0 aperture.</p>\r\n\r\n<h3>5000MAH BIG CAPACITY BATTERY</h3>\r\n\r\n<p>The OPPO A32 is fueled by a 5,000mAh battery that supports 18W fast charging.</p>\r\n\r\n<h3>REAR-MOUNTED FINGERPRINT SENSOR</h3>\r\n\r\n<p>OPPO A32 is equipped with a rear-mounted fingerprint sensor that unlocks the phone quickly and safely.</p>\r\n\r\n<h3>USE YOUR SMARTPHONE AS A MOBILE HOTSPOT</h3>\r\n\r\n<p>Share your 4G data connection with other compatible wireless devices.</p>\r\n\r\n<h3>DUAL SIM DUAL STANDBY DUAL NANO SIM (SIM CARD NOT INCLUDED)</h3>\r\n\r\n<p>Depends on device memory and network availability. Additional carrier charges may apply.</p>\r\n', 1, '1599652042_132195017985165066_1.jpg', '', '', '', '', '', 19000000, 20, 4),
(21, 'Oneplus 8 Pro', '<p>Điện thoại cao cấp nhất của Oneplus</p>\r\n', 'Buy Smartphone Tips:\r\n\r\nAll smartphones are unlocked, without a contract.\r\nAll smartphones install global software, with Google Play service, and support OTA updating\r\nPlease ensure your SIM card is compatible with the smartphone\'s network bands, to check your SIM card carrier\'s network, please click here.\r\nPRODUCT MAIN FEATURES\r\nCOLOROS 7.2 BASED ON ANDROID 10 OS\r\nOPPO A32 runs on Android 10 OS that is overlaid with ColorOS 7.2, offering a fresh, fast platform to help you stay connected and productive while youare on the go.\r\n\r\nINTERNATIONAL MULTI-LANGUAGE SUPPORTED\r\nOffers the following languages to the world\'s users: English, Chinese, Malaysia, German, Spanish, Pilipino, French, Indonesian, Italian, Dutch, Portuguese, Russian, Vietnamese, Arabic, Nepali, Hindi, Thai, Japanese, Korean.  \r\n\r\nCOMPATIBLE WITH ASIA / EUROPE / AUSTRALIA 4G LTE BANDS\r\nOPPO A32 provides these 4G bands:\r\n\r\n4G FDD-LTE: B1/B3/B5/B8\r\n4G TD-LTE: B34/B38/B39/B40/B41(120M)\r\n6.5 inch AMOLED FHD+ SCREEN\r\nThe OPPO A32 features a 6.5-inch IPS LCD punch-hole display that supports a 90Hz refresh rate and HD+ resolution.\r\n\r\nSNAPDRAGON 460 OCTA-CORE PROCESSOR\r\nOPPO A32 is powered by Snapdragon 460 octa-core processor with 4GB/8GB of RAM and 128GB of storage. The 4GB/8GB of RAM delivers outstanding overall performance for opening and running applications, flipping through menus, running home screens, and more.\r\n\r\n128GB OF NATIVE STORAGE\r\nThe OPPO A32 is equipped with 128GB of native storage, providing plenty of storage space for your contacts, music, photos, apps, and more.\r\n\r\n13MP+2MP+2MP REAR CAMERAS\r\nOPPO A32 has triple rear cameras that include a 13MP main camera with f/2.2 aperture, a 2MP macro lens, and a 2MP depth sensor. There is an 8MP front-facing camera with f/2.0 aperture.\r\n\r\n5000MAH BIG CAPACITY BATTERY\r\nThe OPPO A32 is fueled by a 5,000mAh battery that supports 18W fast charging.\r\n\r\nREAR-MOUNTED FINGERPRINT SENSOR\r\nOPPO A32 is equipped with a rear-mounted fingerprint sensor that unlocks the phone quickly and safely.\r\n\r\nUSE YOUR SMARTPHONE AS A MOBILE HOTSPOT\r\nShare your 4G data connection with other compatible wireless devices.\r\n\r\nDUAL SIM DUAL STANDBY DUAL NANO SIM (SIM CARD NOT INCLUDED)\r\nDepends on device memory and network availability. Additional carrier charges may apply.', 1, '1599989738_p5.jpg', '', '', '', '', '', 20000000, 10, 10),
(22, 'Xiaomi Black Shark 3 Pro', '<p>Gaming Phone</p>\r\n', 'Buy Smartphone Tips:\r\n\r\nAll smartphones are unlocked, without a contract.\r\nAll smartphones install global software, with Google Play service, and support OTA updating\r\nPlease ensure your SIM card is compatible with the smartphone\'s network bands, to check your SIM card carrier\'s network, please click here.\r\nPRODUCT MAIN FEATURES\r\nCOLOROS 7.2 BASED ON ANDROID 10 OS\r\nOPPO A32 runs on Android 10 OS that is overlaid with ColorOS 7.2, offering a fresh, fast platform to help you stay connected and productive while youare on the go.\r\n\r\nINTERNATIONAL MULTI-LANGUAGE SUPPORTED\r\nOffers the following languages to the world\'s users: English, Chinese, Malaysia, German, Spanish, Pilipino, French, Indonesian, Italian, Dutch, Portuguese, Russian, Vietnamese, Arabic, Nepali, Hindi, Thai, Japanese, Korean.  \r\n\r\nCOMPATIBLE WITH ASIA / EUROPE / AUSTRALIA 4G LTE BANDS\r\nOPPO A32 provides these 4G bands:\r\n\r\n4G FDD-LTE: B1/B3/B5/B8\r\n4G TD-LTE: B34/B38/B39/B40/B41(120M)\r\n6.5 inch AMOLED FHD+ SCREEN\r\nThe OPPO A32 features a 6.5-inch IPS LCD punch-hole display that supports a 90Hz refresh rate and HD+ resolution.\r\n\r\nSNAPDRAGON 460 OCTA-CORE PROCESSOR\r\nOPPO A32 is powered by Snapdragon 460 octa-core processor with 4GB/8GB of RAM and 128GB of storage. The 4GB/8GB of RAM delivers outstanding overall performance for opening and running applications, flipping through menus, running home screens, and more.\r\n\r\n128GB OF NATIVE STORAGE\r\nThe OPPO A32 is equipped with 128GB of native storage, providing plenty of storage space for your contacts, music, photos, apps, and more.\r\n\r\n13MP+2MP+2MP REAR CAMERAS\r\nOPPO A32 has triple rear cameras that include a 13MP main camera with f/2.2 aperture, a 2MP macro lens, and a 2MP depth sensor. There is an 8MP front-facing camera with f/2.0 aperture.\r\n\r\n5000MAH BIG CAPACITY BATTERY\r\nThe OPPO A32 is fueled by a 5,000mAh battery that supports 18W fast charging.\r\n\r\nREAR-MOUNTED FINGERPRINT SENSOR\r\nOPPO A32 is equipped with a rear-mounted fingerprint sensor that unlocks the phone quickly and safely.\r\n\r\nUSE YOUR SMARTPHONE AS A MOBILE HOTSPOT\r\nShare your 4G data connection with other compatible wireless devices.\r\n\r\nDUAL SIM DUAL STANDBY DUAL NANO SIM (SIM CARD NOT INCLUDED)\r\nDepends on device memory and network availability. Additional carrier charges may apply.', 1, '1599990096_p1.jpg', '', '', '', '', '', 22000000, 5, 16),
(23, 'Redmi 7A', '<p>Điện thoại&nbsp;gi&aacute; rẻ</p>\r\n', 'Buy Smartphone Tips:\r\n\r\nAll smartphones are unlocked, without a contract.\r\nAll smartphones install global software, with Google Play service, and support OTA updating\r\nPlease ensure your SIM card is compatible with the smartphone\'s network bands, to check your SIM card carrier\'s network, please click here.\r\nPRODUCT MAIN FEATURES\r\nCOLOROS 7.2 BASED ON ANDROID 10 OS\r\nOPPO A32 runs on Android 10 OS that is overlaid with ColorOS 7.2, offering a fresh, fast platform to help you stay connected and productive while youare on the go.\r\n\r\nINTERNATIONAL MULTI-LANGUAGE SUPPORTED\r\nOffers the following languages to the world\'s users: English, Chinese, Malaysia, German, Spanish, Pilipino, French, Indonesian, Italian, Dutch, Portuguese, Russian, Vietnamese, Arabic, Nepali, Hindi, Thai, Japanese, Korean.  \r\n\r\nCOMPATIBLE WITH ASIA / EUROPE / AUSTRALIA 4G LTE BANDS\r\nOPPO A32 provides these 4G bands:\r\n\r\n4G FDD-LTE: B1/B3/B5/B8\r\n4G TD-LTE: B34/B38/B39/B40/B41(120M)\r\n6.5 inch AMOLED FHD+ SCREEN\r\nThe OPPO A32 features a 6.5-inch IPS LCD punch-hole display that supports a 90Hz refresh rate and HD+ resolution.\r\n\r\nSNAPDRAGON 460 OCTA-CORE PROCESSOR\r\nOPPO A32 is powered by Snapdragon 460 octa-core processor with 4GB/8GB of RAM and 128GB of storage. The 4GB/8GB of RAM delivers outstanding overall performance for opening and running applications, flipping through menus, running home screens, and more.\r\n\r\n128GB OF NATIVE STORAGE\r\nThe OPPO A32 is equipped with 128GB of native storage, providing plenty of storage space for your contacts, music, photos, apps, and more.\r\n\r\n13MP+2MP+2MP REAR CAMERAS\r\nOPPO A32 has triple rear cameras that include a 13MP main camera with f/2.2 aperture, a 2MP macro lens, and a 2MP depth sensor. There is an 8MP front-facing camera with f/2.0 aperture.\r\n\r\n5000MAH BIG CAPACITY BATTERY\r\nThe OPPO A32 is fueled by a 5,000mAh battery that supports 18W fast charging.\r\n\r\nREAR-MOUNTED FINGERPRINT SENSOR\r\nOPPO A32 is equipped with a rear-mounted fingerprint sensor that unlocks the phone quickly and safely.\r\n\r\nUSE YOUR SMARTPHONE AS A MOBILE HOTSPOT\r\nShare your 4G data connection with other compatible wireless devices.\r\n\r\nDUAL SIM DUAL STANDBY DUAL NANO SIM (SIM CARD NOT INCLUDED)\r\nDepends on device memory and network availability. Additional carrier charges may apply.', 1, '1599990293_p4.jpg', '', '', '', '', '', 3200000, 10, 16),
(24, 'Realme 7', '<p>Điện thoại&nbsp;gi&aacute; rẻ</p>\r\n', 'Buy Smartphone Tips:\r\n\r\nAll smartphones are unlocked, without a contract.\r\nAll smartphones install global software, with Google Play service, and support OTA updating\r\nPlease ensure your SIM card is compatible with the smartphone\'s network bands, to check your SIM card carrier\'s network, please click here.\r\nPRODUCT MAIN FEATURES\r\nCOLOROS 7.2 BASED ON ANDROID 10 OS\r\nOPPO A32 runs on Android 10 OS that is overlaid with ColorOS 7.2, offering a fresh, fast platform to help you stay connected and productive while youare on the go.\r\n\r\nINTERNATIONAL MULTI-LANGUAGE SUPPORTED\r\nOffers the following languages to the world\'s users: English, Chinese, Malaysia, German, Spanish, Pilipino, French, Indonesian, Italian, Dutch, Portuguese, Russian, Vietnamese, Arabic, Nepali, Hindi, Thai, Japanese, Korean.  \r\n\r\nCOMPATIBLE WITH ASIA / EUROPE / AUSTRALIA 4G LTE BANDS\r\nOPPO A32 provides these 4G bands:\r\n\r\n4G FDD-LTE: B1/B3/B5/B8\r\n4G TD-LTE: B34/B38/B39/B40/B41(120M)\r\n6.5 inch AMOLED FHD+ SCREEN\r\nThe OPPO A32 features a 6.5-inch IPS LCD punch-hole display that supports a 90Hz refresh rate and HD+ resolution.\r\n\r\nSNAPDRAGON 460 OCTA-CORE PROCESSOR\r\nOPPO A32 is powered by Snapdragon 460 octa-core processor with 4GB/8GB of RAM and 128GB of storage. The 4GB/8GB of RAM delivers outstanding overall performance for opening and running applications, flipping through menus, running home screens, and more.\r\n\r\n128GB OF NATIVE STORAGE\r\nThe OPPO A32 is equipped with 128GB of native storage, providing plenty of storage space for your contacts, music, photos, apps, and more.\r\n\r\n13MP+2MP+2MP REAR CAMERAS\r\nOPPO A32 has triple rear cameras that include a 13MP main camera with f/2.2 aperture, a 2MP macro lens, and a 2MP depth sensor. There is an 8MP front-facing camera with f/2.0 aperture.\r\n\r\n5000MAH BIG CAPACITY BATTERY\r\nThe OPPO A32 is fueled by a 5,000mAh battery that supports 18W fast charging.\r\n\r\nREAR-MOUNTED FINGERPRINT SENSOR\r\nOPPO A32 is equipped with a rear-mounted fingerprint sensor that unlocks the phone quickly and safely.\r\n\r\nUSE YOUR SMARTPHONE AS A MOBILE HOTSPOT\r\nShare your 4G data connection with other compatible wireless devices.\r\n\r\nDUAL SIM DUAL STANDBY DUAL NANO SIM (SIM CARD NOT INCLUDED)\r\nDepends on device memory and network availability. Additional carrier charges may apply.', 1, '1599990351_p2.jpg', '', '', '', '', '', 6900000, 10, 7),
(25, 'Nubia Red Magic 5G', '<p>Game</p>\r\n', 'Buy Smartphone Tips:\r\n\r\nAll smartphones are unlocked, without a contract.\r\nAll smartphones install global software, with Google Play service, and support OTA updating\r\nPlease ensure your SIM card is compatible with the smartphone\'s network bands, to check your SIM card carrier\'s network, please click here.\r\nPRODUCT MAIN FEATURES\r\nCOLOROS 7.2 BASED ON ANDROID 10 OS\r\nOPPO A32 runs on Android 10 OS that is overlaid with ColorOS 7.2, offering a fresh, fast platform to help you stay connected and productive while youare on the go.\r\n\r\nINTERNATIONAL MULTI-LANGUAGE SUPPORTED\r\nOffers the following languages to the world\'s users: English, Chinese, Malaysia, German, Spanish, Pilipino, French, Indonesian, Italian, Dutch, Portuguese, Russian, Vietnamese, Arabic, Nepali, Hindi, Thai, Japanese, Korean.  \r\n\r\nCOMPATIBLE WITH ASIA / EUROPE / AUSTRALIA 4G LTE BANDS\r\nOPPO A32 provides these 4G bands:\r\n\r\n4G FDD-LTE: B1/B3/B5/B8\r\n4G TD-LTE: B34/B38/B39/B40/B41(120M)\r\n6.5 inch AMOLED FHD+ SCREEN\r\nThe OPPO A32 features a 6.5-inch IPS LCD punch-hole display that supports a 90Hz refresh rate and HD+ resolution.\r\n\r\nSNAPDRAGON 460 OCTA-CORE PROCESSOR\r\nOPPO A32 is powered by Snapdragon 460 octa-core processor with 4GB/8GB of RAM and 128GB of storage. The 4GB/8GB of RAM delivers outstanding overall performance for opening and running applications, flipping through menus, running home screens, and more.\r\n\r\n128GB OF NATIVE STORAGE\r\nThe OPPO A32 is equipped with 128GB of native storage, providing plenty of storage space for your contacts, music, photos, apps, and more.\r\n\r\n13MP+2MP+2MP REAR CAMERAS\r\nOPPO A32 has triple rear cameras that include a 13MP main camera with f/2.2 aperture, a 2MP macro lens, and a 2MP depth sensor. There is an 8MP front-facing camera with f/2.0 aperture.\r\n\r\n5000MAH BIG CAPACITY BATTERY\r\nThe OPPO A32 is fueled by a 5,000mAh battery that supports 18W fast charging.\r\n\r\nREAR-MOUNTED FINGERPRINT SENSOR\r\nOPPO A32 is equipped with a rear-mounted fingerprint sensor that unlocks the phone quickly and safely.\r\n\r\nUSE YOUR SMARTPHONE AS A MOBILE HOTSPOT\r\nShare your 4G data connection with other compatible wireless devices.\r\n\r\nDUAL SIM DUAL STANDBY DUAL NANO SIM (SIM CARD NOT INCLUDED)\r\nDepends on device memory and network availability. Additional carrier charges may apply.', 1, '1599990419_p3.jpg', '', '', '', '', '', 18000000, 15, 11),
(26, 'Tecno Camon 6', '<p>Transsion Holding&nbsp;<a href=\"http://gizmochina.com/tag/tecno\" rel=\"nofollow\" target=\"_blank\">Tecno</a>&nbsp;took the wraps off the Camon 16 lineup in Africa a short while back. The company has now hinted that the phone will hit India soon.</p>\r\n', '<p>A teaser released by Tecno on Twitter shows that the company was planning to launch a Camon 16 series model but there is no indication as to the number of models that will be launched. However, the teaser confirms the product will be launched in mid-October and will disrupt the &ldquo;photographic experience&rdquo; with an aggressive price of below INR15,000 ($205).</p>\r\n\r\n<p>The teaser further shows that the&nbsp;new Camon 16 smartphone will have four shooters, with the main one having a 64 MP sensor, and will have &ldquo;AI-enabled Ultra Night lens&rdquo;.</p>\r\n', 0, '1602087219_Tecno-Camon-16.png', '', '', '', '', '', 2050000, 0, 17),
(27, 'Realme 7 Pro', '<ul>\r\n	<li><strong>Body:</strong>&nbsp;160.9 x 74.3 x 8.7mm , 182g; Gorilla Glass 3+ front, plastic back and frame, water-repellent coating.</li>\r\n	<li><strong>Screen:</strong>&nbsp;6.4&quot; Super AMOLED, FHD+ (1080 x 2400px) resolution, 60Hz.</li>\r\n	<li><strong>Camera:</strong>&nbsp;Primary: 64MP Quad-Bayer, f/1.8 aperture, 0.8&micro;m pixel size, 4K video; Ultra-wide: 8MP, f/2.3 aperture, 1.12&micro;m pixel size, 1080p video; Macro: 2MP f/2.4, 1.75&micro;m pixel size, 720p video; Depth sensor: 2MP mono camera;.</li>\r\n	<li><strong>Front camera:</strong>&nbsp;32MP f/2.5 aperture, 1080p video.</li>\r\n	<li><strong>Chipset:</strong>&nbsp;Snapdragon 720G (8 nm): Octa-core (2x2.3 GHz Kryo 465 Gold &amp; 6x1.8 GHz Kryo 465 Silver), Adreno 618 GPU.</li>\r\n	<li><strong>Memory:</strong>&nbsp;6GB/128GB, 8GB/128GB, expandable via microSD card</li>\r\n	<li><strong>OS:</strong>&nbsp;Android 10, Realme UI.</li>\r\n	<li><strong>Battery:</strong>&nbsp;4,500 mAh, 65W SuperDart Charge.</li>\r\n	<li><strong>Connectivity:</strong>&nbsp;4G LTE; Dual SIM; Dual-band Wi-Fi, Bluetooth 5.1, NFC, GPS, USB Type-C 2.0.</li>\r\n	<li><strong>Misc:</strong>&nbsp;Under-display fingerprint reader, stereo speakers.</li>\r\n</ul>\r\n', '<p>The big launch event that&nbsp;<a href=\"https://www.gizmochina.com/tag/realme\">Realme</a>&nbsp;held in India has marked the arrival of the Realme 7i smartphone in India. Alongside it, the company also announced the Realme 7 Pro SE (Special Edition) smartphone with the sun-kissed leather rear. The Realme 7i is a mid-range phone that comes with exciting features like a 90Hz refresh rate display, a 64-megapixel quad-camera system, and fast charging support. On the other side, the Realme 7 Pro SE comes with an attractive leather back.</p>\r\n\r\n<h3><strong>Realme 7 Pro SE specifications and features</strong></h3>\r\n\r\n<p>The&nbsp;<a href=\"https://www.gizmochina.com/product/realme-7-pro-se\">Realme 7 Pro SE</a>&nbsp;features a white-orange dual-tone rear that is made out of Vegan Multigrain Leather. The elegant and durable leather has a soft finish and it gives a premium look to the device. Its specs are identical to the Realme 7 Pro handset. Hence, the phone comes with a 6.4-inch S-AMOLED that supports full HD+ resolution and a 20:9 aspect ratio, The&nbsp;<a href=\"https://www.gizmochina.com/tag/snapdragon-720G\">Snapdragon 720G</a>&nbsp;chipset fuels the smartphone along with up to 8GB of LPDDR4x RAM and up to 128GB of UFS 2.1 native storage.</p>\r\n\r\n<p><img alt=\"Realme 7 Pro SE\" src=\"https://www.gizmochina.com/wp-content/uploads/2020/10/Realme-7-Pro-SE.jpeg\" style=\"height:720px; width:1280px\" /></p>\r\n\r\n<p>Realme 7 Pro SE</p>\r\n\r\n<p>The Realme 7 Pro SE&rsquo;s rear-facing camera system has a Sony IMX682 64-megapixel main shooter, an 8-megapixel ultrawide lens with f/1.8 aperture, a 2-megapixel macro camera with a focal length of 4cm, and a 2-megapixel depth sensor. The smartphone runs on Android 10 OS and Realme UI. The device is backed by a 4,500mAh battery and it comes with 65W SuperDart fast charging technology</p>\r\n\r\n<h3><strong>Realme 7i specifications and features</strong></h3>\r\n\r\n<p>The<a href=\"https://www.gizmochina.com/product/realme-7i\">&nbsp;Realme 7i</a>&nbsp;is a mid-range smartphone with polycarbonate construction. It flaunts a slightly large 6.5-inch IPS LCD screen. The punch-hole display produces 720 x 1600 pixels HD+ resolution and a 90Hz refresh rate. The&nbsp;<a href=\"https://www.gizmochina.com/tag/snapdragon-662\">Snapdragon 662</a>&nbsp;chipset fuels the device and it has a 5,000mAh battery with 18W fast charging support. It ships with 4 GB / 6GB of LPDDR4x RAM and 64 GB / 128 GB of UFS 2.1 storage.</p>\r\n\r\n<p><img alt=\"Realme 7i in Fusion Blue and Fusion Green colors\" src=\"https://www.gizmochina.com/wp-content/uploads/2020/09/Realme-7i-Jade-and-Champagne.jpg\" style=\"height:630px; width:1112px\" /></p>\r\n\r\n<p>Realme 7i in Fusion Blue and Fusion Green colors</p>\r\n\r\n<p>The Realme 7 has a Sony IMX471 16-megapixel selfie shooter. Its back panel has a 64-megapixel (Samsung GW1) + 8-megapixel (119-degree ultrawide) + 2-megapixel (macro) + 2-megapixel (depth) quad-camera system.</p>\r\n\r\n<p>The Realme 7i has a rear-facing fingerprint scanner. It has a microSD card slot for additional storage, and it is loaded with Realme UI based Android 10 OS. The phone is equipped with support dual SIM, 4G VoLTE, Wi-Fi 802.11ac, Bluetooth, GPS, USB-C, and a 3.5mm audio jack.</p>\r\n\r\n<h3><strong>Realme 7i and Realme 7 Pro SE pricing and availability in India</strong></h3>\r\n\r\n<p>The Realme 7 Pro SE comes in 6GB RAM + 128GB storage and 8GB RAM + 128GB storage variants. It is priced at Rs 19,999 (~$272) and Rs 21,999 (~$300), respectively.</p>\r\n\r\n<p>The Realme 7i has come to India in two options. The 4 GB RAM + 64 GB storage version of the smartphone is priced at Rs 11,999 (~$163). The higher 6 GB RAM + 128 GB storage edition costs Rs 12,999 (~$177). The Realme 7i comes in two color variants like Fusion Blue and Fusion Green.</p>\r\n\r\n<p>Customers who wish to purchase the Realme 7i and Realme 7 Pro SE smartphones can catch hold of the first sale at 12 AM on Oct. 16 through Flipkart and Realme.com.</p>\r\n', 0, '1602087275_realme 7.png', '', '', '', '', '', 6942000, 0, 7),
(28, 'Ulephone Armor 8', 'c', 'a', 0, '1602089289_ulefone-armor-x8-2.webp', '', '', '', '', '', 9642000, 0, 5),
(29, 'Mi 10 Ultra', '<p>a</p>\r\n', '<p>c</p>\r\n', 0, '1602225166_mi10u.webp', '', '', '', '', '', 18000000, 2, 16),
(30, 'K30 Ultra', '<p>q</p>\r\n', '<p>w</p>\r\n', 0, '1602225195_k30u.webp', '', '', '', '', '', 8000000, 1, 16);

-- --------------------------------------------------------

--
-- Table structure for table `rating`
--

CREATE TABLE `rating` (
  `id` int(11) NOT NULL,
  `product_id` int(11) NOT NULL,
  `star` int(11) NOT NULL,
  `name` varchar(696) NOT NULL,
  `email` varchar(696) NOT NULL,
  `title` varchar(696) NOT NULL,
  `review` varchar(696) NOT NULL
) ENGINE=InnoDB DEFAULT CHARSET=utf8mb4;

--
-- Dumping data for table `rating`
--

INSERT INTO `rating` (`id`, `product_id`, `star`, `name`, `email`, `title`, `review`) VALUES
(22, 25, 4, '1', 'nva@gmail.com', '2', '3'),
(23, 24, 1, '1', 'nva@gmail.com', 'bypass', 'hnafg bypass');

-- --------------------------------------------------------

--
-- Table structure for table `users`
--

CREATE TABLE `users` (
  `id` int(11) NOT NULL,
  `name` varchar(500) NOT NULL,
  `email` varchar(500) NOT NULL,
  `password` varchar(500) NOT NULL
) ENGINE=InnoDB DEFAULT CHARSET=utf8;

--
-- Dumping data for table `users`
--

INSERT INTO `users` (`id`, `name`, `email`, `password`) VALUES
(1, 'Nguy盻・ Vﾄハ A', 'nva@gmail.com', '202cb962ac59075b964b07152d234b70'),
(2, 'Nguy盻・ Vﾄハ B', 'nvb@gmail.com', '202cb962ac59075b964b07152d234b70'),
(3, 'Nguy盻・ Vﾄハ C', 'nvc@gmail.com', '202cb962ac59075b964b07152d234b70'),
(4, 'Nguy盻・ Vﾄハ D', 'nvd@gmail.com', '202cb962ac59075b964b07152d234b70'),
(5, 'Nguy盻・ Vﾄハ E', 'nve@gmail.com', '202cb962ac59075b964b07152d234b70'),
(7, 'test', 'test@gmail.com', '202cb962ac59075b964b07152d234b70');

--
-- Indexes for dumped tables
--

--
-- Indexes for table `categories`
--
ALTER TABLE `categories`
  ADD PRIMARY KEY (`id`);

--
-- Indexes for table `news`
--
ALTER TABLE `news`
  ADD PRIMARY KEY (`id`);

--
-- Indexes for table `orderdetails`
--
ALTER TABLE `orderdetails`
  ADD PRIMARY KEY (`id`);

--
-- Indexes for table `orders`
--
ALTER TABLE `orders`
  ADD PRIMARY KEY (`id`);

--
-- Indexes for table `products`
--
ALTER TABLE `products`
  ADD PRIMARY KEY (`id`);

--
-- Indexes for table `rating`
--
ALTER TABLE `rating`
  ADD PRIMARY KEY (`id`);

--
-- AUTO_INCREMENT for dumped tables
--

--
-- AUTO_INCREMENT for table `categories`
--
ALTER TABLE `categories`
  MODIFY `id` int(11) NOT NULL AUTO_INCREMENT, AUTO_INCREMENT=21;

--
-- AUTO_INCREMENT for table `news`
--
ALTER TABLE `news`
  MODIFY `id` int(11) NOT NULL AUTO_INCREMENT, AUTO_INCREMENT=8;

--
-- AUTO_INCREMENT for table `orderdetails`
--
ALTER TABLE `orderdetails`
  MODIFY `id` int(11) NOT NULL AUTO_INCREMENT, AUTO_INCREMENT=26;

--
-- AUTO_INCREMENT for table `orders`
--
ALTER TABLE `orders`
  MODIFY `id` int(11) NOT NULL AUTO_INCREMENT, AUTO_INCREMENT=10;

--
-- AUTO_INCREMENT for table `products`
--
ALTER TABLE `products`
  MODIFY `id` int(11) NOT NULL AUTO_INCREMENT, AUTO_INCREMENT=31;

--
-- AUTO_INCREMENT for table `rating`
--
ALTER TABLE `rating`
  MODIFY `id` int(11) NOT NULL AUTO_INCREMENT, AUTO_INCREMENT=24;
COMMIT;

/*!40101 SET CHARACTER_SET_CLIENT=@OLD_CHARACTER_SET_CLIENT */;
/*!40101 SET CHARACTER_SET_RESULTS=@OLD_CHARACTER_SET_RESULTS */;
/*!40101 SET COLLATION_CONNECTION=@OLD_COLLATION_CONNECTION */;
